"_id","starttime","participantId","age","degree","monitor","sex","endtime","q1","q2","q3","mousemoveData"
"5fb6ef4e37e75b187b4a3ceb","2020-11-19T22:18:54.666Z","1605824334666v0a76m","25-39","Masters","11","Female","2020-11-19T22:19:15.135Z","3","1","2",
"5fb6f618aaac0519bfd4b818","2020-11-19T22:44:12.288Z","1605825852288z641du","25-39","Bachelors","15","Unspecified","2020-11-19T22:48:10.878Z","4","2","3",
"5fb6f857aaac0519bfd4b81b","2020-11-19T22:57:26.416Z","1605826646416pnai9j","25-39","High School","11","Unspecified","2020-11-19T22:57:37.353Z","2","1","2",
"5fb6faa8aaac0519bfd4b81d","2020-11-19T23:07:19.294Z","1605827239294ghsr93","40-49","Bachelors","19","Male","2020-11-19T23:07:37.227Z","4","2","4",
"5fbd21186eab6528e06fc6ff","2020-11-24T15:04:53.936Z","1606230293936h1u64p","18-25","Masters","23 or larger","Female","2020-11-24T15:05:19.065Z","3","2","4",
"5fbd3f1f2b827a2decacdd84","2020-11-24T17:12:58.926Z","1606237978926fjodmj",,,,,"2020-11-24T17:13:11.149Z","5","4","4",
"5fdf655a140c5c0629c980eb","2020-12-20T14:53:12.649Z","160847599264984m1ig","25-39","High School","11","Unspecified",,"4","3","4",
"5fdf66b5140c5c0629c980f2","2020-12-20T14:58:57.097Z","1608476337097ib1qa6","60+","Masters","15","Unspecified","2020-12-20T14:59:10.407Z","4","4","4",
"5fdf6d5bb9be9e0845b1f406","2020-12-20T15:27:18.981Z","1608478038981fasi3a",,,,,,,,,
"5fdf6d66b9be9e0845b1f407","2020-12-20T15:27:29.113Z","1608478049113cfgfr1","40-49","Bachelors","13","Female","2020-12-20T15:27:43.919Z","4","4","4",
"5fdf6d75b9be9e0845b1f408","2020-12-20T15:27:47.217Z","1608478067217ky9thj",,,,,,,,,
"5ff18463f94292cf15c4d1cf","2021-01-03T08:46:24.738Z","16096635847386tkfya","40-49","Other","15","Unspecified",,"5","4","5",
"5ff202f2e7b9a102f74f49da","2021-01-03T17:46:24.334Z","1609695984334gylebn","Unspecified","Masters","17","Unspecified","2021-01-03T17:46:38.067Z","5","4","5",
"5ff2068703fdbd03e9275210","2021-01-03T17:59:41.045Z","1609696781045dtsmak",,,,,,,,,
"5ff281ddc4d08c16cde45a90","2021-01-04T02:47:46.884Z","16097284668844zfyrr",,,,,,,,,"[{""x"":1017,""y"":368,""time"":48},{""x"":1017,""y"":367,""time"":57},{""x"":1017,""y"":366,""time"":64},{""x"":1017,""y"":366,""time"":76},{""x"":1017,""y"":366,""time"":90},{""x"":1018,""y"":364,""time"":130},{""x"":1018,""y"":364,""time"":144},{""x"":1018,""y"":363,""time"":156},{""x"":1018,""y"":362,""time"":171},{""x"":1018,""y"":361,""time"":184},{""x"":1018,""y"":361,""time"":197},{""x"":972,""y"":337,""time"":364},{""x"":971,""y"":339,""time"":378},{""x"":975,""y"":348,""time"":394},{""x"":1190,""y"":504,""time"":474},{""x"":1296,""y"":572,""time"":506},{""x"":1430,""y"":651,""time"":528},{""x"":1465,""y"":671,""time"":544},{""x"":1556,""y"":735,""time"":590},{""x"":1555,""y"":738,""time"":604},{""x"":1546,""y"":736,""time"":623},{""x"":1533,""y"":730,""time"":636},{""x"":1515,""y"":722,""time"":650},{""x"":1491,""y"":711,""time"":666},{""x"":1478,""y"":705,""time"":679},{""x"":1456,""y"":694,""time"":694},{""x"":1432,""y"":684,""time"":705},{""x"":1421,""y"":678,""time"":718},{""x"":1397,""y"":667,""time"":732},{""x"":1384,""y"":659,""time"":744},{""x"":1356,""y"":647,""time"":758},{""x"":1325,""y"":632,""time"":771},{""x"":1299,""y"":623,""time"":784},{""x"":1287,""y"":619,""time"":798},{""x"":1265,""y"":615,""time"":811},{""x"":1254,""y"":613,""time"":824},{""x"":1232,""y"":609,""time"":838},{""x"":1208,""y"":607,""time"":852},{""x"":1195,""y"":606,""time"":865},{""x"":1164,""y"":606,""time"":879},{""x"":1130,""y"":611,""time"":891},{""x"":1113,""y"":616,""time"":905},{""x"":1080,""y"":626,""time"":917},{""x"":1048,""y"":634,""time"":933},{""x"":1017,""y"":639,""time"":945},{""x"":1001,""y"":639,""time"":958},{""x"":969,""y"":634,""time"":971},{""x"":939,""y"":624,""time"":986},{""x"":926,""y"":619,""time"":998},{""x"":906,""y"":612,""time"":1010},{""x"":899,""y"":607,""time"":1024},{""x"":898,""y"":606,""time"":1037},{""x"":897,""y"":601,""time"":1051},{""x"":897,""y"":596,""time"":1064},{""x"":897,""y"":594,""time"":1078},{""x"":898,""y"":591,""time"":1091},{""x"":897,""y"":587,""time"":1105},{""x"":895,""y"":584,""time"":1118},{""x"":887,""y"":578,""time"":1131},{""x"":880,""y"":576,""time"":1144},{""x"":865,""y"":570,""time"":1157},{""x"":846,""y"":567,""time"":1171},{""x"":838,""y"":567,""time"":1185},{""x"":824,""y"":566,""time"":1197},{""x"":813,""y"":566,""time"":1211},{""x"":805,""y"":566,""time"":1225},{""x"":800,""y"":566,""time"":1238},{""x"":785,""y"":568,""time"":1251},{""x"":775,""y"":568,""time"":1263},{""x"":749,""y"":568,""time"":1278},{""x"":719,""y"":568,""time"":1291},{""x"":703,""y"":569,""time"":1303},{""x"":679,""y"":572,""time"":1319},{""x"":668,""y"":574,""time"":1332},{""x"":665,""y"":575,""time"":1346},{""x"":664,""y"":575,""time"":1358},{""x"":657,""y"":572,""time"":1372},{""x"":648,""y"":568,""time"":1385},{""x"":642,""y"":565,""time"":1399},{""x"":626,""y"":555,""time"":1411},{""x"":606,""y"":545,""time"":1425},{""x"":592,""y"":539,""time"":1438},{""x"":557,""y"":526,""time"":1452},{""x"":534,""y"":513,""time"":1464},{""x"":499,""y"":497,""time"":1479},{""x"":483,""y"":487,""time"":1491},{""x"":484,""y"":485,""time"":1505},{""x"":491,""y"":484,""time"":1517},{""x"":512,""y"":480,""time"":1531},{""x"":540,""y"":474,""time"":1545},{""x"":553,""y"":469,""time"":1558},{""x"":580,""y"":460,""time"":1572},{""x"":600,""y"":452,""time"":1585},{""x"":608,""y"":448,""time"":1599},{""x"":618,""y"":443,""time"":1612},{""x"":620,""y"":441,""time"":1625},{""x"":619,""y"":441,""time"":1667},{""x"":618,""y"":442,""time"":1679},{""x"":612,""y"":446,""time"":1693},{""x"":605,""y"":453,""time"":1706},{""x"":602,""y"":456,""time"":1719},{""x"":596,""y"":462,""time"":1732},{""x"":590,""y"":467,""time"":1746},{""x"":587,""y"":470,""time"":1759},{""x"":581,""y"":476,""time"":1772},{""x"":575,""y"":484,""time"":1785},{""x"":572,""y"":488,""time"":1798},{""x"":571,""y"":499,""time"":1811},{""x"":573,""y"":507,""time"":1825},{""x"":574,""y"":508,""time"":1838},{""x"":577,""y"":511,""time"":1851},{""x"":578,""y"":511,""time"":1864},{""x"":577,""y"":511,""time"":2049},{""x"":577,""y"":511,""time"":2057},{""x"":577,""y"":511,""time"":2064},{""x"":577,""y"":511,""time"":2078},{""x"":577,""y"":510,""time"":2091},{""x"":577,""y"":509,""time"":2105},{""x"":577,""y"":509,""time"":2119},{""x"":578,""y"":506,""time"":2131},{""x"":581,""y"":502,""time"":2145},{""x"":582,""y"":501,""time"":2158},{""x"":583,""y"":500,""time"":2172},{""x"":583,""y"":500,""time"":2185},{""x"":583,""y"":499,""time"":2202},{""x"":584,""y"":499,""time"":2212},{""x"":584,""y"":499,""time"":2225},{""x"":585,""y"":499,""time"":2238},{""x"":586,""y"":498,""time"":2251},{""x"":586,""y"":498,""time"":2265},{""x"":586,""y"":498,""time"":2322},{""x"":586,""y"":498,""time"":2331},{""x"":587,""y"":498,""time"":2345},{""x"":588,""y"":498,""time"":2358},{""x"":590,""y"":499,""time"":2371},{""x"":591,""y"":499,""time"":2386},{""x"":592,""y"":499,""time"":2398},{""x"":594,""y"":500,""time"":2412},{""x"":598,""y"":500,""time"":2425},{""x"":602,""y"":500,""time"":2438},{""x"":609,""y"":501,""time"":2451},{""x"":620,""y"":501,""time"":2465},{""x"":626,""y"":501,""time"":2479},{""x"":642,""y"":500,""time"":2492},{""x"":661,""y"":497,""time"":2505},{""x"":673,""y"":495,""time"":2519},{""x"":702,""y"":488,""time"":2532},{""x"":736,""y"":479,""time"":2546},{""x"":752,""y"":474,""time"":2558},{""x"":785,""y"":463,""time"":2572},{""x"":814,""y"":451,""time"":2586},{""x"":829,""y"":444,""time"":2598},{""x"":857,""y"":430,""time"":2613},{""x"":871,""y"":421,""time"":2625},{""x"":901,""y"":410,""time"":2639},{""x"":930,""y"":393,""time"":2652},{""x"":954,""y"":381,""time"":2665},{""x"":964,""y"":376,""time"":2679},{""x"":972,""y"":366,""time"":2692},{""x"":975,""y"":361,""time"":2705},{""x"":976,""y"":354,""time"":2719},{""x"":973,""y"":348,""time"":2733},{""x"":970,""y"":346,""time"":2746},{""x"":961,""y"":338,""time"":2758},{""x"":944,""y"":330,""time"":2772},{""x"":934,""y"":326,""time"":2785},{""x"":913,""y"":315,""time"":2798},{""x"":892,""y"":307,""time"":2814},{""x"":869,""y"":300,""time"":2826},{""x"":858,""y"":298,""time"":2839},{""x"":831,""y"":292,""time"":2854},{""x"":817,""y"":290,""time"":2865},{""x"":789,""y"":289,""time"":2879},{""x"":767,""y"":290,""time"":2892},{""x"":750,""y"":294,""time"":2905},{""x"":742,""y"":297,""time"":2919},{""x"":730,""y"":301,""time"":2933},{""x"":715,""y"":304,""time"":2945},{""x"":708,""y"":305,""time"":2958},{""x"":692,""y"":306,""time"":2972},{""x"":676,""y"":306,""time"":2985},{""x"":668,""y"":306,""time"":2999},{""x"":652,""y"":307,""time"":3012},{""x"":644,""y"":307,""time"":3025},{""x"":634,""y"":309,""time"":3038},{""x"":628,""y"":311,""time"":3052},{""x"":623,""y"":312,""time"":3065},{""x"":622,""y"":312,""time"":3078},{""x"":621,""y"":312,""time"":3092},{""x"":621,""y"":312,""time"":3104},{""x"":620,""y"":312,""time"":3118},{""x"":620,""y"":312,""time"":3137},{""x"":619,""y"":312,""time"":3171},{""x"":618,""y"":313,""time"":3185},{""x"":618,""y"":313,""time"":3198},{""x"":615,""y"":314,""time"":3211},{""x"":613,""y"":314,""time"":3225},{""x"":613,""y"":315,""time"":3238},{""x"":612,""y"":315,""time"":3252},{""x"":611,""y"":316,""time"":3265},{""x"":610,""y"":316,""time"":3279},{""x"":610,""y"":316,""time"":3291},{""x"":609,""y"":317,""time"":3304},{""x"":609,""y"":317,""time"":3319},{""x"":608,""y"":317,""time"":3331},{""x"":607,""y"":318,""time"":3345},{""x"":607,""y"":319,""time"":3359},{""x"":606,""y"":320,""time"":3372},{""x"":606,""y"":326,""time"":3385},{""x"":605,""y"":328,""time"":3399},{""x"":605,""y"":336,""time"":3413},{""x"":604,""y"":350,""time"":3426},{""x"":604,""y"":358,""time"":3438},{""x"":608,""y"":377,""time"":3453},{""x"":617,""y"":402,""time"":3465},{""x"":623,""y"":415,""time"":3479},{""x"":633,""y"":439,""time"":3492},{""x"":641,""y"":456,""time"":3506},{""x"":645,""y"":461,""time"":3519},{""x"":653,""y"":470,""time"":3532},{""x"":663,""y"":475,""time"":3545},{""x"":669,""y"":476,""time"":3560},{""x"":682,""y"":480,""time"":3572},{""x"":695,""y"":481,""time"":3586},{""x"":700,""y"":481,""time"":3599},{""x"":710,""y"":481,""time"":3613},{""x"":718,""y"":481,""time"":3625},{""x"":722,""y"":481,""time"":3639},{""x"":733,""y"":480,""time"":3653},{""x"":741,""y"":479,""time"":3666},{""x"":745,""y"":478,""time"":3680},{""x"":754,""y"":477,""time"":3692},{""x"":756,""y"":476,""time"":3705},{""x"":757,""y"":476,""time"":3718},{""x"":758,""y"":476,""time"":3733},{""x"":762,""y"":474,""time"":3746},{""x"":765,""y"":473,""time"":3759},{""x"":775,""y"":470,""time"":3773},{""x"":790,""y"":463,""time"":3787},{""x"":799,""y"":459,""time"":3799},{""x"":820,""y"":451,""time"":3814},{""x"":841,""y"":443,""time"":3826},{""x"":852,""y"":438,""time"":3839},{""x"":875,""y"":428,""time"":3852},{""x"":901,""y"":415,""time"":3865},{""x"":915,""y"":410,""time"":3879},{""x"":943,""y"":398,""time"":3892},{""x"":967,""y"":389,""time"":3906},{""x"":977,""y"":386,""time"":3920},{""x"":994,""y"":381,""time"":3933},{""x"":1001,""y"":378,""time"":3947},{""x"":1004,""y"":377,""time"":3960},{""x"":1008,""y"":375,""time"":3975},{""x"":1009,""y"":375,""time"":3986},{""x"":1009,""y"":375,""time"":3999},{""x"":1010,""y"":374,""time"":4013},{""x"":1010,""y"":374,""time"":4026},{""x"":1011,""y"":374,""time"":4210},{""x"":1016,""y"":373,""time"":4218},{""x"":1023,""y"":371,""time"":4225},{""x"":1034,""y"":369,""time"":4239},{""x"":1066,""y"":366,""time"":4252},{""x"":1112,""y"":365,""time"":4265},{""x"":1140,""y"":365,""time"":4279},{""x"":1197,""y"":366,""time"":4293},{""x"":1244,""y"":369,""time"":4306},{""x"":1263,""y"":371,""time"":4320},{""x"":1294,""y"":374,""time"":4333},{""x"":1315,""y"":379,""time"":4347},{""x"":1321,""y"":382,""time"":4359},{""x"":1330,""y"":387,""time"":4373},{""x"":1333,""y"":391,""time"":4386},{""x"":1333,""y"":393,""time"":4400},{""x"":1333,""y"":396,""time"":4413},{""x"":1333,""y"":400,""time"":4426},{""x"":1333,""y"":402,""time"":4439},{""x"":1332,""y"":404,""time"":4453},{""x"":1331,""y"":406,""time"":4467},{""x"":1331,""y"":407,""time"":4479},{""x"":1331,""y"":408,""time"":4493},{""x"":1330,""y"":410,""time"":4505},{""x"":1329,""y"":414,""time"":4519},{""x"":1325,""y"":424,""time"":4533},{""x"":1321,""y"":437,""time"":4547},{""x"":1320,""y"":443,""time"":4559},{""x"":1316,""y"":456,""time"":4573},{""x"":1312,""y"":467,""time"":4586},{""x"":1311,""y"":472,""time"":4600},{""x"":1310,""y"":482,""time"":4613},{""x"":1311,""y"":491,""time"":4625},{""x"":1313,""y"":496,""time"":4640},{""x"":1322,""y"":508,""time"":4653},{""x"":1335,""y"":524,""time"":4666},{""x"":1343,""y"":531,""time"":4679},{""x"":1355,""y"":543,""time"":4692},{""x"":1367,""y"":554,""time"":4707},{""x"":1371,""y"":561,""time"":4720},{""x"":1378,""y"":571,""time"":4733},{""x"":1383,""y"":581,""time"":4745},{""x"":1385,""y"":585,""time"":4759},{""x"":1387,""y"":594,""time"":4773},{""x"":1388,""y"":599,""time"":4786},{""x"":1388,""y"":602,""time"":4800},{""x"":1388,""y"":605,""time"":4813},{""x"":1388,""y"":608,""time"":4827},{""x"":1387,""y"":608,""time"":4839},{""x"":1385,""y"":611,""time"":4853},{""x"":1382,""y"":613,""time"":4866},{""x"":1380,""y"":614,""time"":4880},{""x"":1373,""y"":617,""time"":4893},{""x"":1367,""y"":619,""time"":4906},{""x"":1353,""y"":622,""time"":4919},{""x"":1333,""y"":628,""time"":4933},{""x"":1313,""y"":633,""time"":4947},{""x"":1300,""y"":636,""time"":4959},{""x"":1275,""y"":643,""time"":4972},{""x"":1242,""y"":648,""time"":4986},{""x"":1220,""y"":648,""time"":4999}]"
"5ff2825321650d16d8cab042","2021-01-04T02:49:52.038Z","1609728592038f8q7bb","50-59","Masters","13","Female","2021-01-04T02:50:11.318Z","5","2","3","[{""x"":1489,""y"":400,""time"":3},{""x"":1488,""y"":399,""time"":12},{""x"":1482,""y"":398,""time"":23},{""x"":1459,""y"":394,""time"":39},{""x"":1416,""y"":387,""time"":50},{""x"":1379,""y"":382,""time"":62},{""x"":1281,""y"":366,""time"":75},{""x"":1221,""y"":357,""time"":89},{""x"":1093,""y"":339,""time"":103},{""x"":980,""y"":323,""time"":116},{""x"":938,""y"":316,""time"":129},{""x"":893,""y"":307,""time"":142},{""x"":873,""y"":297,""time"":157},{""x"":869,""y"":294,""time"":169},{""x"":867,""y"":289,""time"":183},{""x"":869,""y"":281,""time"":196},{""x"":873,""y"":272,""time"":208},{""x"":875,""y"":267,""time"":222},{""x"":877,""y"":257,""time"":237},{""x"":875,""y"":246,""time"":249},{""x"":873,""y"":242,""time"":262},{""x"":867,""y"":235,""time"":276},{""x"":859,""y"":228,""time"":289},{""x"":856,""y"":226,""time"":302},{""x"":852,""y"":223,""time"":317},{""x"":851,""y"":222,""time"":329},{""x"":851,""y"":222,""time"":343},{""x"":850,""y"":222,""time"":356},{""x"":850,""y"":222,""time"":370},{""x"":850,""y"":221,""time"":408},{""x"":834,""y"":220,""time"":596},{""x"":834,""y"":220,""time"":1418},{""x"":834,""y"":221,""time"":1426},{""x"":833,""y"":221,""time"":1437},{""x"":832,""y"":221,""time"":1450},{""x"":831,""y"":221,""time"":1464},{""x"":831,""y"":222,""time"":1477},{""x"":830,""y"":222,""time"":1491},{""x"":830,""y"":222,""time"":1503},{""x"":830,""y"":222,""time"":1517},{""x"":829,""y"":222,""time"":1562},{""x"":829,""y"":223,""time"":1570},{""x"":828,""y"":223,""time"":1583},{""x"":825,""y"":224,""time"":1597},{""x"":815,""y"":226,""time"":1610},{""x"":811,""y"":227,""time"":1623},{""x"":798,""y"":230,""time"":1637},{""x"":787,""y"":233,""time"":1650},{""x"":781,""y"":234,""time"":1665},{""x"":767,""y"":237,""time"":1677},{""x"":757,""y"":240,""time"":1691},{""x"":750,""y"":242,""time"":1704},{""x"":738,""y"":246,""time"":1716},{""x"":726,""y"":249,""time"":1730},{""x"":719,""y"":250,""time"":1743},{""x"":711,""y"":253,""time"":1758},{""x"":703,""y"":255,""time"":1771},{""x"":701,""y"":256,""time"":1783},{""x"":697,""y"":257,""time"":1796},{""x"":694,""y"":257,""time"":1810},{""x"":690,""y"":259,""time"":1823},{""x"":683,""y"":259,""time"":1837},{""x"":675,""y"":261,""time"":1851},{""x"":669,""y"":262,""time"":1863},{""x"":662,""y"":265,""time"":1878},{""x"":654,""y"":268,""time"":1892},{""x"":649,""y"":270,""time"":1904},{""x"":637,""y"":274,""time"":1917},{""x"":625,""y"":278,""time"":1931},{""x"":618,""y"":280,""time"":1944},{""x"":605,""y"":283,""time"":1956},{""x"":594,""y"":289,""time"":1970},{""x"":588,""y"":291,""time"":1984},{""x"":580,""y"":296,""time"":1997},{""x"":571,""y"":302,""time"":2011},{""x"":567,""y"":305,""time"":2024},{""x"":558,""y"":311,""time"":2037},{""x"":550,""y"":315,""time"":2051},{""x"":543,""y"":316,""time"":2063},{""x"":536,""y"":319,""time"":2077},{""x"":530,""y"":322,""time"":2090},{""x"":527,""y"":324,""time"":2103},{""x"":523,""y"":327,""time"":2117},{""x"":520,""y"":329,""time"":2130},{""x"":518,""y"":330,""time"":2143},{""x"":514,""y"":332,""time"":2156},{""x"":513,""y"":332,""time"":2170},{""x"":509,""y"":335,""time"":2184},{""x"":503,""y"":337,""time"":2197},{""x"":497,""y"":340,""time"":2210},{""x"":494,""y"":341,""time"":2224},{""x"":489,""y"":344,""time"":2238},{""x"":488,""y"":345,""time"":2251},{""x"":487,""y"":346,""time"":2264},{""x"":487,""y"":346,""time"":2277},{""x"":487,""y"":346,""time"":2403},{""x"":487,""y"":346,""time"":2410},{""x"":488,""y"":346,""time"":2424},{""x"":488,""y"":345,""time"":2436},{""x"":488,""y"":345,""time"":2594},{""x"":488,""y"":345,""time"":2602},{""x"":489,""y"":342,""time"":2610},{""x"":489,""y"":339,""time"":2625},{""x"":490,""y"":334,""time"":2638},{""x"":492,""y"":326,""time"":2652},{""x"":495,""y"":320,""time"":2664},{""x"":500,""y"":309,""time"":2678},{""x"":510,""y"":291,""time"":2691},{""x"":516,""y"":282,""time"":2703},{""x"":532,""y"":263,""time"":2717},{""x"":541,""y"":253,""time"":2730},{""x"":562,""y"":235,""time"":2745},{""x"":583,""y"":222,""time"":2758},{""x"":601,""y"":214,""time"":2770},{""x"":608,""y"":210,""time"":2784},{""x"":619,""y"":206,""time"":2797},{""x"":632,""y"":204,""time"":2811},{""x"":638,""y"":202,""time"":2824},{""x"":654,""y"":201,""time"":2838},{""x"":670,""y"":201,""time"":2850},{""x"":677,""y"":201,""time"":2864},{""x"":690,""y"":202,""time"":2877},{""x"":700,""y"":204,""time"":2891},{""x"":707,""y"":205,""time"":2903},{""x"":717,""y"":207,""time"":2918},{""x"":727,""y"":211,""time"":2930},{""x"":734,""y"":213,""time"":2944},{""x"":749,""y"":222,""time"":2958},{""x"":759,""y"":228,""time"":2972},{""x"":785,""y"":244,""time"":2983},{""x"":813,""y"":261,""time"":2998},{""x"":848,""y"":282,""time"":3012},{""x"":873,""y"":299,""time"":3025},{""x"":921,""y"":330,""time"":3037},{""x"":971,""y"":364,""time"":3051},{""x"":992,""y"":379,""time"":3064},{""x"":1023,""y"":401,""time"":3077},{""x"":1044,""y"":420,""time"":3090},{""x"":1053,""y"":429,""time"":3104},{""x"":1070,""y"":454,""time"":3117},{""x"":1082,""y"":483,""time"":3130},{""x"":1087,""y"":498,""time"":3145},{""x"":1095,""y"":528,""time"":3158},{""x"":1098,""y"":556,""time"":3171},{""x"":1098,""y"":569,""time"":3186},{""x"":1098,""y"":590,""time"":3197},{""x"":1098,""y"":604,""time"":3211},{""x"":1098,""y"":607,""time"":3224},{""x"":1098,""y"":611,""time"":3238},{""x"":1098,""y"":611,""time"":3252},{""x"":1097,""y"":611,""time"":3292},{""x"":1088,""y"":611,""time"":3305},{""x"":1082,""y"":611,""time"":3318},{""x"":1063,""y"":611,""time"":3332},{""x"":1050,""y"":612,""time"":3344},{""x"":1021,""y"":613,""time"":3357},{""x"":994,""y"":616,""time"":3371},{""x"":979,""y"":618,""time"":3386},{""x"":950,""y"":620,""time"":3398},{""x"":922,""y"":620,""time"":3411},{""x"":908,""y"":618,""time"":3423},{""x"":882,""y"":614,""time"":3437},{""x"":855,""y"":608,""time"":3451},{""x"":842,""y"":604,""time"":3464},{""x"":816,""y"":596,""time"":3477},{""x"":796,""y"":589,""time"":3491},{""x"":788,""y"":585,""time"":3504},{""x"":783,""y"":582,""time"":3517},{""x"":782,""y"":582,""time"":3530},{""x"":782,""y"":581,""time"":3594},{""x"":782,""y"":580,""time"":3601},{""x"":782,""y"":580,""time"":3611},{""x"":783,""y"":577,""time"":3624},{""x"":783,""y"":573,""time"":3637},{""x"":783,""y"":572,""time"":3650},{""x"":783,""y"":569,""time"":3664},{""x"":783,""y"":568,""time"":3677},{""x"":783,""y"":566,""time"":3691},{""x"":784,""y"":565,""time"":3704},{""x"":784,""y"":563,""time"":3718},{""x"":785,""y"":559,""time"":3730},{""x"":787,""y"":556,""time"":3744},{""x"":789,""y"":551,""time"":3757},{""x"":791,""y"":547,""time"":3771},{""x"":791,""y"":546,""time"":3784},{""x"":793,""y"":543,""time"":3797},{""x"":796,""y"":540,""time"":3812},{""x"":798,""y"":537,""time"":3824},{""x"":806,""y"":529,""time"":3837},{""x"":817,""y"":520,""time"":3850},{""x"":822,""y"":515,""time"":3864},{""x"":835,""y"":507,""time"":3877},{""x"":848,""y"":498,""time"":3891},{""x"":854,""y"":495,""time"":3903},{""x"":863,""y"":487,""time"":3918},{""x"":876,""y"":477,""time"":3931},{""x"":881,""y"":474,""time"":3944},{""x"":895,""y"":463,""time"":3957},{""x"":908,""y"":455,""time"":3971},{""x"":915,""y"":450,""time"":3984},{""x"":928,""y"":443,""time"":3997},{""x"":942,""y"":437,""time"":4011},{""x"":948,""y"":434,""time"":4024},{""x"":962,""y"":428,""time"":4037},{""x"":973,""y"":424,""time"":4052},{""x"":981,""y"":421,""time"":4064},{""x"":992,""y"":416,""time"":4078},{""x"":1001,""y"":412,""time"":4091},{""x"":1006,""y"":410,""time"":4105},{""x"":1016,""y"":406,""time"":4117},{""x"":1025,""y"":403,""time"":4131},{""x"":1032,""y"":402,""time"":4144},{""x"":1044,""y"":399,""time"":4158},{""x"":1059,""y"":396,""time"":4171},{""x"":1067,""y"":395,""time"":4184},{""x"":1080,""y"":393,""time"":4197},{""x"":1097,""y"":389,""time"":4211},{""x"":1107,""y"":388,""time"":4224},{""x"":1127,""y"":384,""time"":4239},{""x"":1151,""y"":381,""time"":4251},{""x"":1164,""y"":380,""time"":4265},{""x"":1187,""y"":378,""time"":4278},{""x"":1210,""y"":376,""time"":4292},{""x"":1231,""y"":373,""time"":4305},{""x"":1243,""y"":372,""time"":4318},{""x"":1265,""y"":368,""time"":4331},{""x"":1275,""y"":366,""time"":4345},{""x"":1294,""y"":363,""time"":4358},{""x"":1308,""y"":360,""time"":4372},{""x"":1312,""y"":359,""time"":4384},{""x"":1320,""y"":357,""time"":4398},{""x"":1322,""y"":356,""time"":4412},{""x"":1322,""y"":356,""time"":4425},{""x"":1326,""y"":354,""time"":4439},{""x"":1332,""y"":352,""time"":4451},{""x"":1336,""y"":350,""time"":4465},{""x"":1345,""y"":347,""time"":4478},{""x"":1349,""y"":345,""time"":4492},{""x"":1357,""y"":341,""time"":4506},{""x"":1365,""y"":337,""time"":4518},{""x"":1370,""y"":333,""time"":4531},{""x"":1372,""y"":332,""time"":4546},{""x"":1377,""y"":328,""time"":4559},{""x"":1378,""y"":327,""time"":4572},{""x"":1380,""y"":325,""time"":4585},{""x"":1381,""y"":323,""time"":4598},{""x"":1382,""y"":322,""time"":4612},{""x"":1382,""y"":322,""time"":4624},{""x"":1382,""y"":320,""time"":4638},{""x"":1382,""y"":320,""time"":4651},{""x"":1382,""y"":319,""time"":4664},{""x"":1383,""y"":319,""time"":4679},{""x"":1383,""y"":319,""time"":4779},{""x"":1382,""y"":318,""time"":4786},{""x"":1381,""y"":318,""time"":4798},{""x"":1375,""y"":315,""time"":4812},{""x"":1368,""y"":312,""time"":4826},{""x"":1364,""y"":310,""time"":4839},{""x"":1354,""y"":305,""time"":4853},{""x"":1349,""y"":302,""time"":4865},{""x"":1339,""y"":298,""time"":4878},{""x"":1328,""y"":294,""time"":4892},{""x"":1322,""y"":292,""time"":4904},{""x"":1311,""y"":287,""time"":4918},{""x"":1296,""y"":282,""time"":4932},{""x"":1289,""y"":280,""time"":4945},{""x"":1273,""y"":274,""time"":4958},{""x"":1257,""y"":268,""time"":4971},{""x"":1237,""y"":263,""time"":4985},{""x"":1227,""y"":261,""time"":4999}]"
"5ff285cefcd0331738967802","2021-01-04T03:02:43.824Z","16097293638248jkpkl",,,,,,,,,
"5ff288190192a01762368acd","2021-01-04T03:12:31.708Z","1609729951708ljp0ln",,,,,,,,,
"5ff35d05cb8033290329c929","2021-01-04T18:20:54.237Z","1609784454237jwc06j",,,,,,,,,
"5ff35db0cb8033290329c92a","2021-01-04T18:25:48.293Z","1609784748293gh32bp","50-59","Masters","17","Unspecified",,"4","2","4",
"5ff367bf307df127fa09c450","2021-01-04T19:08:45.420Z","1609787325420evhnhf","25-39","Masters","19","Female","2021-01-04T19:09:01.978Z",,,,"[{""x"":1314,""y"":470,""time"":37},{""x"":1309,""y"":470,""time"":54},{""x"":1300,""y"":470,""time"":69},{""x"":1284,""y"":470,""time"":86},{""x"":1256,""y"":467,""time"":102},{""x"":1227,""y"":461,""time"":119},{""x"":1201,""y"":453,""time"":136},{""x"":1173,""y"":442,""time"":153},{""x"":1135,""y"":424,""time"":169},{""x"":1079,""y"":394,""time"":186},{""x"":1010,""y"":357,""time"":203},{""x"":928,""y"":312,""time"":219},{""x"":801,""y"":248,""time"":237},{""x"":731,""y"":215,""time"":253},{""x"":692,""y"":199,""time"":269},{""x"":664,""y"":189,""time"":286},{""x"":650,""y"":183,""time"":303},{""x"":604,""y"":172,""time"":320},{""x"":575,""y"":169,""time"":336},{""x"":559,""y"":170,""time"":352},{""x"":556,""y"":174,""time"":370},{""x"":556,""y"":179,""time"":386},{""x"":557,""y"":181,""time"":402},{""x"":558,""y"":181,""time"":419},{""x"":558,""y"":181,""time"":497},{""x"":558,""y"":181,""time"":504},{""x"":562,""y"":183,""time"":519},{""x"":570,""y"":188,""time"":536},{""x"":587,""y"":198,""time"":553},{""x"":607,""y"":211,""time"":570},{""x"":632,""y"":228,""time"":586},{""x"":659,""y"":244,""time"":602},{""x"":684,""y"":259,""time"":619},{""x"":721,""y"":283,""time"":636},{""x"":752,""y"":303,""time"":653},{""x"":791,""y"":331,""time"":670},{""x"":832,""y"":360,""time"":687},{""x"":868,""y"":383,""time"":703},{""x"":883,""y"":393,""time"":719},{""x"":919,""y"":412,""time"":737},{""x"":1014,""y"":482,""time"":870},{""x"":1015,""y"":482,""time"":885},{""x"":1015,""y"":483,""time"":896},{""x"":1014,""y"":481,""time"":1250},{""x"":1014,""y"":481,""time"":1550},{""x"":1013,""y"":480,""time"":1556},{""x"":1013,""y"":480,""time"":2220},{""x"":1013,""y"":480,""time"":2225},{""x"":1010,""y"":482,""time"":2238},{""x"":1000,""y"":486,""time"":2255},{""x"":981,""y"":494,""time"":2272},{""x"":965,""y"":502,""time"":2288},{""x"":957,""y"":506,""time"":2304},{""x"":928,""y"":532,""time"":2321},{""x"":905,""y"":562,""time"":2337},{""x"":881,""y"":592,""time"":2355},{""x"":860,""y"":622,""time"":2370},{""x"":843,""y"":650,""time"":2388},{""x"":831,""y"":676,""time"":2405},{""x"":821,""y"":699,""time"":2421},{""x"":816,""y"":717,""time"":2437},{""x"":817,""y"":738,""time"":2455},{""x"":836,""y"":762,""time"":2470},{""x"":855,""y"":771,""time"":2487},{""x"":881,""y"":778,""time"":2502},{""x"":914,""y"":780,""time"":2519},{""x"":950,""y"":778,""time"":2537},{""x"":987,""y"":774,""time"":2553},{""x"":1022,""y"":768,""time"":2569},{""x"":1053,""y"":763,""time"":2586},{""x"":1082,""y"":757,""time"":2605},{""x"":1104,""y"":751,""time"":2621},{""x"":1131,""y"":738,""time"":2638},{""x"":1134,""y"":737,""time"":2654},{""x"":1143,""y"":730,""time"":2670},{""x"":1144,""y"":726,""time"":2687},{""x"":1143,""y"":720,""time"":2703},{""x"":1140,""y"":712,""time"":2720},{""x"":1135,""y"":705,""time"":2738},{""x"":1131,""y"":696,""time"":2754},{""x"":1124,""y"":688,""time"":2770},{""x"":1116,""y"":679,""time"":2787},{""x"":1100,""y"":663,""time"":2804},{""x"":1078,""y"":640,""time"":2821},{""x"":1041,""y"":607,""time"":2837},{""x"":987,""y"":562,""time"":2853},{""x"":921,""y"":514,""time"":2870},{""x"":864,""y"":472,""time"":2886},{""x"":799,""y"":387,""time"":2996},{""x"":834,""y"":401,""time"":3063},{""x"":834,""y"":401,""time"":3110},{""x"":834,""y"":401,""time"":3119},{""x"":837,""y"":400,""time"":3136},{""x"":845,""y"":402,""time"":3152},{""x"":863,""y"":410,""time"":3171},{""x"":886,""y"":421,""time"":3187},{""x"":917,""y"":440,""time"":3204},{""x"":955,""y"":467,""time"":3221},{""x"":1087,""y"":561,""time"":3237},{""x"":1146,""y"":605,""time"":3254},{""x"":1296,""y"":717,""time"":3271},{""x"":1320,""y"":742,""time"":3287},{""x"":1322,""y"":749,""time"":3303},{""x"":1325,""y"":774,""time"":3320},{""x"":1316,""y"":780,""time"":3436},{""x"":1309,""y"":776,""time"":3452},{""x"":1297,""y"":773,""time"":3469},{""x"":1294,""y"":772,""time"":3486},{""x"":1293,""y"":776,""time"":3504},{""x"":1293,""y"":779,""time"":3519},{""x"":1307,""y"":777,""time"":4053},{""x"":1276,""y"":736,""time"":4071},{""x"":1257,""y"":714,""time"":4087},{""x"":1170,""y"":635,""time"":4104},{""x"":1125,""y"":601,""time"":4120},{""x"":1094,""y"":581,""time"":4138},{""x"":1067,""y"":563,""time"":4154},{""x"":1039,""y"":540,""time"":4174},{""x"":1008,""y"":512,""time"":4187},{""x"":982,""y"":488,""time"":4204},{""x"":970,""y"":476,""time"":4220},{""x"":966,""y"":470,""time"":4237},{""x"":963,""y"":461,""time"":4254},{""x"":960,""y"":454,""time"":4270},{""x"":958,""y"":447,""time"":4287},{""x"":956,""y"":442,""time"":4304},{""x"":952,""y"":433,""time"":4320},{""x"":949,""y"":428,""time"":4337},{""x"":946,""y"":422,""time"":4355},{""x"":940,""y"":410,""time"":4370},{""x"":926,""y"":391,""time"":4386},{""x"":905,""y"":367,""time"":4403},{""x"":880,""y"":347,""time"":4420},{""x"":856,""y"":331,""time"":4439},{""x"":819,""y"":314,""time"":4454},{""x"":795,""y"":302,""time"":4471},{""x"":771,""y"":290,""time"":4488},{""x"":753,""y"":281,""time"":4504},{""x"":750,""y"":280,""time"":4519},{""x"":747,""y"":279,""time"":4537},{""x"":747,""y"":278,""time"":4564},{""x"":747,""y"":278,""time"":4569},{""x"":747,""y"":277,""time"":4587},{""x"":747,""y"":277,""time"":4604},{""x"":747,""y"":277,""time"":4676},{""x"":746,""y"":277,""time"":4687},{""x"":746,""y"":277,""time"":4704},{""x"":746,""y"":277,""time"":4721},{""x"":746,""y"":278,""time"":4887},{""x"":746,""y"":279,""time"":4903},{""x"":744,""y"":284,""time"":4919},{""x"":739,""y"":293,""time"":4937},{""x"":733,""y"":307,""time"":4953},{""x"":725,""y"":320,""time"":4971},{""x"":716,""y"":328,""time"":4987}]"
"5ff369442116b528289676cd","2021-01-04T19:15:13.849Z","1609787713849u8a8qu","40-49","Masters","13","Female","2021-01-04T19:15:38.384Z","3","2","4","[{""x"":1331,""y"":455,""time"":20},{""x"":1330,""y"":455,""time"":35},{""x"":1330,""y"":455,""time"":86},{""x"":1329,""y"":455,""time"":102},{""x"":1328,""y"":454,""time"":119},{""x"":1322,""y"":454,""time"":136},{""x"":1312,""y"":454,""time"":152},{""x"":1297,""y"":453,""time"":169},{""x"":1275,""y"":452,""time"":185},{""x"":1250,""y"":451,""time"":201},{""x"":1219,""y"":450,""time"":218},{""x"":1169,""y"":446,""time"":235},{""x"":1133,""y"":439,""time"":252},{""x"":1087,""y"":426,""time"":268},{""x"":1015,""y"":399,""time"":284},{""x"":921,""y"":361,""time"":301},{""x"":822,""y"":326,""time"":319},{""x"":758,""y"":309,""time"":334},{""x"":711,""y"":287,""time"":351},{""x"":678,""y"":268,""time"":369},{""x"":645,""y"":237,""time"":385},{""x"":639,""y"":226,""time"":401},{""x"":628,""y"":201,""time"":418},{""x"":626,""y"":192,""time"":435},{""x"":625,""y"":186,""time"":452},{""x"":625,""y"":185,""time"":469},{""x"":625,""y"":186,""time"":499},{""x"":625,""y"":186,""time"":505},{""x"":625,""y"":187,""time"":519},{""x"":627,""y"":190,""time"":535},{""x"":677,""y"":256,""time"":664},{""x"":728,""y"":313,""time"":684},{""x"":747,""y"":332,""time"":696},{""x"":849,""y"":399,""time"":777},{""x"":857,""y"":403,""time"":790},{""x"":873,""y"":409,""time"":805},{""x"":879,""y"":411,""time"":819},{""x"":887,""y"":412,""time"":1123},{""x"":887,""y"":412,""time"":1567},{""x"":887,""y"":411,""time"":1573},{""x"":885,""y"":408,""time"":1586},{""x"":882,""y"":406,""time"":1602},{""x"":878,""y"":399,""time"":1619},{""x"":872,""y"":384,""time"":1635},{""x"":870,""y"":374,""time"":1652},{""x"":869,""y"":364,""time"":1669},{""x"":872,""y"":354,""time"":1686},{""x"":876,""y"":346,""time"":1703},{""x"":880,""y"":340,""time"":1720},{""x"":882,""y"":337,""time"":1736},{""x"":883,""y"":335,""time"":1753},{""x"":884,""y"":334,""time"":1770},{""x"":894,""y"":332,""time"":1786},{""x"":903,""y"":332,""time"":1804},{""x"":909,""y"":332,""time"":1830},{""x"":912,""y"":331,""time"":1837},{""x"":914,""y"":331,""time"":1852},{""x"":915,""y"":330,""time"":1868},{""x"":920,""y"":324,""time"":1985},{""x"":920,""y"":323,""time"":2036},{""x"":919,""y"":322,""time"":2053},{""x"":918,""y"":322,""time"":2069},{""x"":915,""y"":324,""time"":2126},{""x"":913,""y"":325,""time"":2153},{""x"":911,""y"":325,""time"":2169},{""x"":908,""y"":327,""time"":2188},{""x"":906,""y"":327,""time"":2203},{""x"":906,""y"":328,""time"":2221},{""x"":905,""y"":328,""time"":2303},{""x"":904,""y"":328,""time"":2320},{""x"":904,""y"":329,""time"":2336},{""x"":903,""y"":329,""time"":2353},{""x"":903,""y"":329,""time"":2371},{""x"":903,""y"":330,""time"":2386},{""x"":903,""y"":330,""time"":2403},{""x"":903,""y"":330,""time"":2420},{""x"":902,""y"":331,""time"":2685},{""x"":900,""y"":333,""time"":2702},{""x"":896,""y"":334,""time"":2719},{""x"":889,""y"":337,""time"":2736},{""x"":881,""y"":340,""time"":2752},{""x"":870,""y"":343,""time"":2770},{""x"":859,""y"":346,""time"":2785},{""x"":848,""y"":348,""time"":2802},{""x"":838,""y"":349,""time"":2820},{""x"":832,""y"":350,""time"":2835},{""x"":830,""y"":350,""time"":2853},{""x"":826,""y"":350,""time"":2868},{""x"":821,""y"":351,""time"":2886},{""x"":816,""y"":352,""time"":2903},{""x"":813,""y"":353,""time"":2919},{""x"":812,""y"":353,""time"":2936},{""x"":811,""y"":353,""time"":2953},{""x"":811,""y"":353,""time"":2969},{""x"":808,""y"":353,""time"":2986},{""x"":803,""y"":353,""time"":3005},{""x"":792,""y"":353,""time"":3019},{""x"":786,""y"":353,""time"":3035},{""x"":784,""y"":353,""time"":3053},{""x"":783,""y"":353,""time"":3069},{""x"":783,""y"":353,""time"":3086},{""x"":783,""y"":353,""time"":3102},{""x"":783,""y"":352,""time"":3119},{""x"":783,""y"":352,""time"":3136},{""x"":783,""y"":351,""time"":3152},{""x"":783,""y"":351,""time"":3169},{""x"":783,""y"":350,""time"":3185},{""x"":783,""y"":349,""time"":3202},{""x"":783,""y"":347,""time"":3219},{""x"":783,""y"":346,""time"":3235},{""x"":784,""y"":346,""time"":3252},{""x"":784,""y"":345,""time"":3269},{""x"":785,""y"":345,""time"":3286},{""x"":785,""y"":345,""time"":3302},{""x"":784,""y"":345,""time"":3588},{""x"":783,""y"":346,""time"":3602},{""x"":783,""y"":346,""time"":3620},{""x"":782,""y"":347,""time"":3635},{""x"":781,""y"":347,""time"":3652},{""x"":778,""y"":348,""time"":3669},{""x"":778,""y"":348,""time"":3686},{""x"":777,""y"":349,""time"":3703},{""x"":777,""y"":349,""time"":3732},{""x"":778,""y"":349,""time"":3740},{""x"":779,""y"":348,""time"":3752},{""x"":783,""y"":348,""time"":3769},{""x"":786,""y"":347,""time"":3785},{""x"":788,""y"":346,""time"":3801},{""x"":789,""y"":346,""time"":3819},{""x"":790,""y"":345,""time"":3836},{""x"":790,""y"":345,""time"":4052},{""x"":788,""y"":346,""time"":4068},{""x"":785,""y"":347,""time"":4085},{""x"":779,""y"":349,""time"":4102},{""x"":772,""y"":351,""time"":4119},{""x"":766,""y"":352,""time"":4137},{""x"":755,""y"":355,""time"":4153},{""x"":744,""y"":359,""time"":4169},{""x"":731,""y"":364,""time"":4185},{""x"":720,""y"":369,""time"":4202},{""x"":708,""y"":373,""time"":4220},{""x"":689,""y"":379,""time"":4235},{""x"":679,""y"":381,""time"":4252},{""x"":670,""y"":382,""time"":4269},{""x"":662,""y"":383,""time"":4285},{""x"":656,""y"":385,""time"":4302},{""x"":654,""y"":386,""time"":4319},{""x"":654,""y"":386,""time"":4335},{""x"":654,""y"":385,""time"":4363},{""x"":654,""y"":385,""time"":4370},{""x"":655,""y"":385,""time"":4386},{""x"":655,""y"":385,""time"":4402},{""x"":657,""y"":383,""time"":4418},{""x"":658,""y"":382,""time"":4436},{""x"":662,""y"":379,""time"":4452},{""x"":665,""y"":376,""time"":4469},{""x"":667,""y"":374,""time"":4486},{""x"":668,""y"":373,""time"":4502},{""x"":669,""y"":372,""time"":4520},{""x"":669,""y"":371,""time"":4536},{""x"":670,""y"":371,""time"":4553},{""x"":670,""y"":371,""time"":4569},{""x"":671,""y"":370,""time"":4586},{""x"":672,""y"":370,""time"":4602},{""x"":672,""y"":369,""time"":4619},{""x"":672,""y"":369,""time"":4636},{""x"":673,""y"":369,""time"":4660},{""x"":673,""y"":369,""time"":4670},{""x"":673,""y"":369,""time"":4700},{""x"":674,""y"":370,""time"":4708},{""x"":676,""y"":374,""time"":4719},{""x"":678,""y"":379,""time"":4735},{""x"":678,""y"":382,""time"":4752},{""x"":677,""y"":384,""time"":4768},{""x"":676,""y"":385,""time"":4785},{""x"":674,""y"":386,""time"":4802},{""x"":674,""y"":387,""time"":4818},{""x"":674,""y"":387,""time"":4835},{""x"":673,""y"":389,""time"":4852},{""x"":673,""y"":390,""time"":4869},{""x"":673,""y"":391,""time"":4885},{""x"":673,""y"":391,""time"":4901},{""x"":673,""y"":392,""time"":4919},{""x"":672,""y"":393,""time"":4935},{""x"":670,""y"":395,""time"":4952},{""x"":668,""y"":396,""time"":4968},{""x"":668,""y"":397,""time"":4985},{""x"":667,""y"":397,""time"":5002}]"
"5ff36d632116b528289676ce","2021-01-04T19:32:45.950Z","1609788765950lym909","40-49","PhD","17","Unspecified",,"5","4","5","[{""x"":1582,""y"":526,""time"":7},{""x"":1582,""y"":526,""time"":52},{""x"":1582,""y"":526,""time"":69},{""x"":1581,""y"":526,""time"":294},{""x"":1581,""y"":525,""time"":405},{""x"":1580,""y"":525,""time"":427},{""x"":1580,""y"":524,""time"":437},{""x"":1574,""y"":523,""time"":708},{""x"":1574,""y"":523,""time"":1767},{""x"":1573,""y"":524,""time"":1772},{""x"":1573,""y"":528,""time"":1791},{""x"":1574,""y"":533,""time"":1806},{""x"":1575,""y"":545,""time"":1823},{""x"":1575,""y"":586,""time"":1839},{""x"":1578,""y"":638,""time"":1856},{""x"":1584,""y"":666,""time"":1872},{""x"":1617,""y"":753,""time"":1889},{""x"":1626,""y"":771,""time"":1904},{""x"":1640,""y"":808,""time"":1921},{""x"":1643,""y"":825,""time"":1938},{""x"":1644,""y"":839,""time"":1955},{""x"":1641,""y"":847,""time"":1970},{""x"":1636,""y"":856,""time"":1987},{""x"":1629,""y"":863,""time"":2004},{""x"":1623,""y"":869,""time"":2021},{""x"":1553,""y"":867,""time"":2155},{""x"":1528,""y"":856,""time"":2171},{""x"":1498,""y"":841,""time"":2188},{""x"":1464,""y"":823,""time"":2204},{""x"":1424,""y"":804,""time"":2223},{""x"":1379,""y"":790,""time"":2240},{""x"":1304,""y"":758,""time"":2256},{""x"":1241,""y"":730,""time"":2273},{""x"":1159,""y"":692,""time"":2291},{""x"":1118,""y"":671,""time"":2305},{""x"":996,""y"":616,""time"":2323},{""x"":941,""y"":593,""time"":2339},{""x"":908,""y"":580,""time"":2356},{""x"":888,""y"":571,""time"":2373},{""x"":879,""y"":566,""time"":2388},{""x"":877,""y"":563,""time"":2406},{""x"":878,""y"":562,""time"":2422},{""x"":883,""y"":561,""time"":2438},{""x"":888,""y"":561,""time"":2455},{""x"":896,""y"":560,""time"":2472},{""x"":904,""y"":561,""time"":2489},{""x"":919,""y"":564,""time"":2506},{""x"":943,""y"":569,""time"":2522},{""x"":973,""y"":578,""time"":2539},{""x"":1015,""y"":595,""time"":2555},{""x"":1081,""y"":626,""time"":2572},{""x"":1165,""y"":670,""time"":2588},{""x"":1269,""y"":728,""time"":2605},{""x"":1378,""y"":793,""time"":2624},{""x"":1520,""y"":880,""time"":2639},{""x"":1556,""y"":900,""time"":2655},{""x"":1644,""y"":948,""time"":2672},{""x"":1678,""y"":965,""time"":2689},{""x"":1699,""y"":975,""time"":2705},{""x"":1711,""y"":981,""time"":2722},{""x"":1715,""y"":984,""time"":2739},{""x"":1718,""y"":985,""time"":2755},{""x"":1722,""y"":985,""time"":2772},{""x"":1723,""y"":982,""time"":2789},{""x"":1724,""y"":978,""time"":2805},{""x"":1721,""y"":969,""time"":2821},{""x"":1715,""y"":962,""time"":2839},{""x"":1709,""y"":955,""time"":2856},{""x"":1706,""y"":952,""time"":2871},{""x"":1693,""y"":939,""time"":2890},{""x"":1683,""y"":930,""time"":2905},{""x"":1670,""y"":921,""time"":2922},{""x"":1655,""y"":910,""time"":2939},{""x"":1642,""y"":899,""time"":2954},{""x"":1632,""y"":892,""time"":2972},{""x"":1626,""y"":887,""time"":2989},{""x"":1569,""y"":839,""time"":3806},{""x"":1551,""y"":820,""time"":3823},{""x"":1524,""y"":799,""time"":3852},{""x"":1492,""y"":775,""time"":3861},{""x"":1456,""y"":753,""time"":3875},{""x"":1412,""y"":728,""time"":3891},{""x"":1361,""y"":704,""time"":3908},{""x"":1313,""y"":683,""time"":3925},{""x"":1274,""y"":670,""time"":3942},{""x"":1237,""y"":657,""time"":3959},{""x"":1208,""y"":649,""time"":3975},{""x"":1174,""y"":641,""time"":3990},{""x"":1165,""y"":639,""time"":4006},{""x"":1149,""y"":637,""time"":4024},{""x"":1149,""y"":637,""time"":4039},{""x"":1148,""y"":637,""time"":4057},{""x"":1148,""y"":637,""time"":4106},{""x"":1148,""y"":635,""time"":4123},{""x"":1149,""y"":629,""time"":4139},{""x"":1152,""y"":615,""time"":4156},{""x"":1155,""y"":582,""time"":4173},{""x"":1152,""y"":559,""time"":4190},{""x"":1140,""y"":539,""time"":4207},{""x"":1120,""y"":524,""time"":4223},{""x"":1094,""y"":514,""time"":4240},{""x"":1062,""y"":505,""time"":4257},{""x"":1030,""y"":503,""time"":4273},{""x"":984,""y"":502,""time"":4290},{""x"":923,""y"":506,""time"":4307},{""x"":864,""y"":517,""time"":4324},{""x"":825,""y"":526,""time"":4340},{""x"":808,""y"":540,""time"":4357},{""x"":805,""y"":560,""time"":4374},{""x"":831,""y"":599,""time"":4391},{""x"":869,""y"":625,""time"":4407},{""x"":941,""y"":649,""time"":4424},{""x"":1055,""y"":668,""time"":4442},{""x"":1118,""y"":674,""time"":4457},{""x"":1298,""y"":676,""time"":4475},{""x"":1376,""y"":666,""time"":4492},{""x"":1418,""y"":654,""time"":4510},{""x"":1442,""y"":641,""time"":4525},{""x"":1448,""y"":627,""time"":4543},{""x"":1442,""y"":608,""time"":4558},{""x"":1399,""y"":569,""time"":4576},{""x"":1344,""y"":535,""time"":4592},{""x"":1280,""y"":503,""time"":4608},{""x"":1209,""y"":471,""time"":4625},{""x"":1148,""y"":447,""time"":4642},{""x"":1103,""y"":432,""time"":4658},{""x"":1071,""y"":419,""time"":4675},{""x"":1047,""y"":414,""time"":4692},{""x"":1028,""y"":411,""time"":4709},{""x"":1012,""y"":411,""time"":4724},{""x"":995,""y"":416,""time"":4740},{""x"":983,""y"":425,""time"":4758},{""x"":974,""y"":435,""time"":4774},{""x"":964,""y"":460,""time"":4792},{""x"":959,""y"":486,""time"":4810},{""x"":956,""y"":514,""time"":4826},{""x"":954,""y"":528,""time"":4842},{""x"":963,""y"":565,""time"":4859},{""x"":985,""y"":587,""time"":4875},{""x"":1017,""y"":607,""time"":4892},{""x"":1053,""y"":621,""time"":4908},{""x"":1095,""y"":629,""time"":4924},{""x"":1146,""y"":630,""time"":4941},{""x"":1232,""y"":628,""time"":4958},{""x"":1254,""y"":624,""time"":4974},{""x"":1321,""y"":599,""time"":4992}]"
"5ff36e952116b528289676cf","2021-01-04T19:37:54.422Z","1609789074422z9hx6o",,,,,,,,,
"5ff36eca2116b528289676d0","2021-01-04T19:38:47.496Z","160978912749637swvs",,,,,,,,,
"5ff36f062116b528289676d1","2021-01-04T19:39:47.734Z","1609789187734oynqlp","40-49","Masters","15","Unspecified",,,,,"[{""x"":1579,""y"":460,""time"":47},{""x"":1579,""y"":459,""time"":65},{""x"":1579,""y"":459,""time"":81},{""x"":1579,""y"":459,""time"":115},{""x"":1519,""y"":430,""time"":338},{""x"":1505,""y"":423,""time"":351},{""x"":1479,""y"":412,""time"":362},{""x"":1449,""y"":399,""time"":386},{""x"":1344,""y"":356,""time"":478},{""x"":852,""y"":253,""time"":757},{""x"":843,""y"":259,""time"":766},{""x"":830,""y"":263,""time"":782},{""x"":817,""y"":268,""time"":799},{""x"":803,""y"":274,""time"":816},{""x"":785,""y"":285,""time"":832},{""x"":762,""y"":297,""time"":850},{""x"":734,""y"":312,""time"":867},{""x"":703,""y"":329,""time"":883},{""x"":670,""y"":342,""time"":901},{""x"":632,""y"":358,""time"":917},{""x"":583,""y"":378,""time"":934},{""x"":536,""y"":394,""time"":950},{""x"":490,""y"":409,""time"":965},{""x"":448,""y"":424,""time"":982},{""x"":400,""y"":441,""time"":999},{""x"":387,""y"":445,""time"":1015},{""x"":357,""y"":455,""time"":1032},{""x"":344,""y"":461,""time"":1049},{""x"":333,""y"":464,""time"":1065},{""x"":331,""y"":465,""time"":1083},{""x"":331,""y"":465,""time"":1099},{""x"":331,""y"":465,""time"":1197},{""x"":331,""y"":465,""time"":1232},{""x"":331,""y"":466,""time"":1283},{""x"":338,""y"":467,""time"":1299},{""x"":352,""y"":470,""time"":1316},{""x"":391,""y"":482,""time"":1334},{""x"":411,""y"":488,""time"":1349},{""x"":470,""y"":510,""time"":1366},{""x"":644,""y"":555,""time"":1384},{""x"":833,""y"":595,""time"":1400},{""x"":1056,""y"":642,""time"":1418},{""x"":1282,""y"":689,""time"":1435},{""x"":1494,""y"":747,""time"":1450},{""x"":1658,""y"":807,""time"":1473},{""x"":1811,""y"":875,""time"":1489},{""x"":1836,""y"":887,""time"":1499},{""x"":1863,""y"":904,""time"":1516},{""x"":1873,""y"":913,""time"":1532},{""x"":1872,""y"":914,""time"":1549},{""x"":1860,""y"":913,""time"":1566},{""x"":1836,""y"":907,""time"":1582},{""x"":1807,""y"":901,""time"":1599},{""x"":1779,""y"":899,""time"":1616},{""x"":1758,""y"":900,""time"":1633},{""x"":1737,""y"":900,""time"":1650},{""x"":1720,""y"":902,""time"":1667},{""x"":1706,""y"":903,""time"":1683},{""x"":1698,""y"":904,""time"":1700},{""x"":1696,""y"":904,""time"":1717},{""x"":1696,""y"":903,""time"":1748},{""x"":1696,""y"":902,""time"":1753},{""x"":1693,""y"":896,""time"":1766},{""x"":1690,""y"":890,""time"":1782},{""x"":1681,""y"":873,""time"":1800},{""x"":1670,""y"":860,""time"":1817},{""x"":1649,""y"":839,""time"":1833},{""x"":1572,""y"":773,""time"":1866},{""x"":1519,""y"":731,""time"":1884},{""x"":1461,""y"":684,""time"":1901},{""x"":1406,""y"":643,""time"":1918},{""x"":1351,""y"":605,""time"":1934},{""x"":1271,""y"":550,""time"":1951},{""x"":1246,""y"":533,""time"":1968},{""x"":1192,""y"":499,""time"":1986},{""x"":1178,""y"":492,""time"":2001},{""x"":1145,""y"":476,""time"":2017},{""x"":1133,""y"":471,""time"":2035},{""x"":1128,""y"":470,""time"":2051},{""x"":1127,""y"":470,""time"":2068},{""x"":1127,""y"":470,""time"":2093},{""x"":1127,""y"":470,""time"":2108},{""x"":1127,""y"":471,""time"":2117},{""x"":1127,""y"":471,""time"":2133},{""x"":1127,""y"":472,""time"":2152},{""x"":1126,""y"":471,""time"":2215},{""x"":1125,""y"":471,""time"":2220},{""x"":1120,""y"":470,""time"":2236},{""x"":1112,""y"":468,""time"":2251},{""x"":1104,""y"":465,""time"":2268},{""x"":1101,""y"":463,""time"":2284},{""x"":1100,""y"":462,""time"":2301},{""x"":1100,""y"":461,""time"":2317},{""x"":1100,""y"":461,""time"":2334},{""x"":1101,""y"":461,""time"":2351},{""x"":1101,""y"":461,""time"":2368},{""x"":1100,""y"":461,""time"":2667},{""x"":1097,""y"":462,""time"":2684},{""x"":1094,""y"":464,""time"":2700},{""x"":1089,""y"":468,""time"":2719},{""x"":1086,""y"":472,""time"":2735},{""x"":1085,""y"":475,""time"":2751},{""x"":1084,""y"":478,""time"":2768},{""x"":1083,""y"":482,""time"":2784},{""x"":1082,""y"":484,""time"":2802},{""x"":1082,""y"":485,""time"":2818},{""x"":1082,""y"":485,""time"":3037},{""x"":1081,""y"":486,""time"":3052},{""x"":1078,""y"":489,""time"":3068},{""x"":1072,""y"":494,""time"":3085},{""x"":1056,""y"":504,""time"":3102},{""x"":1047,""y"":511,""time"":3119},{""x"":1036,""y"":517,""time"":3136},{""x"":1028,""y"":520,""time"":3153},{""x"":1024,""y"":521,""time"":3170},{""x"":1024,""y"":522,""time"":3185},{""x"":1024,""y"":522,""time"":3333},{""x"":1022,""y"":526,""time"":3339},{""x"":1021,""y"":532,""time"":3351},{""x"":1020,""y"":541,""time"":3369},{""x"":1019,""y"":555,""time"":3384},{""x"":1019,""y"":560,""time"":3401},{""x"":1016,""y"":565,""time"":3418},{""x"":1015,""y"":567,""time"":3435},{""x"":1014,""y"":569,""time"":3451},{""x"":1013,""y"":569,""time"":3468},{""x"":1013,""y"":569,""time"":3569},{""x"":1014,""y"":570,""time"":3586},{""x"":1014,""y"":573,""time"":3601},{""x"":1014,""y"":576,""time"":3618},{""x"":1014,""y"":579,""time"":3635},{""x"":1014,""y"":582,""time"":3651},{""x"":1014,""y"":584,""time"":3668},{""x"":1014,""y"":585,""time"":3685},{""x"":1016,""y"":587,""time"":3702},{""x"":1017,""y"":587,""time"":3716},{""x"":1017,""y"":587,""time"":3721},{""x"":1018,""y"":588,""time"":3735},{""x"":1018,""y"":588,""time"":3769},{""x"":1019,""y"":588,""time"":3797},{""x"":1021,""y"":589,""time"":3802},{""x"":1023,""y"":590,""time"":3821},{""x"":1025,""y"":592,""time"":3835},{""x"":1028,""y"":594,""time"":3851},{""x"":1035,""y"":598,""time"":3868},{""x"":1062,""y"":607,""time"":3885},{""x"":1088,""y"":614,""time"":3901},{""x"":1103,""y"":618,""time"":3918},{""x"":1146,""y"":627,""time"":3934},{""x"":1176,""y"":634,""time"":3952},{""x"":1213,""y"":642,""time"":3969},{""x"":1257,""y"":653,""time"":3986},{""x"":1330,""y"":672,""time"":4006},{""x"":1351,""y"":677,""time"":4019},{""x"":1392,""y"":690,""time"":4035},{""x"":1445,""y"":712,""time"":4053},{""x"":1479,""y"":728,""time"":4069},{""x"":1519,""y"":746,""time"":4090},{""x"":1539,""y"":753,""time"":4101},{""x"":1594,""y"":771,""time"":4119},{""x"":1613,""y"":777,""time"":4134},{""x"":1623,""y"":780,""time"":4152},{""x"":1624,""y"":780,""time"":4169},{""x"":1624,""y"":780,""time"":4186},{""x"":1623,""y"":781,""time"":4203},{""x"":1558,""y"":817,""time"":4719},{""x"":1539,""y"":823,""time"":4736},{""x"":1447,""y"":849,""time"":4752},{""x"":1376,""y"":856,""time"":4770},{""x"":1319,""y"":851,""time"":4786},{""x"":1268,""y"":841,""time"":4803},{""x"":1224,""y"":830,""time"":4819},{""x"":1200,""y"":821,""time"":4836},{""x"":1197,""y"":819,""time"":4852},{""x"":1198,""y"":819,""time"":4869},{""x"":1199,""y"":818,""time"":4886},{""x"":1203,""y"":817,""time"":4903},{""x"":1212,""y"":815,""time"":4920},{""x"":1215,""y"":814,""time"":4936},{""x"":1217,""y"":813,""time"":4953},{""x"":1224,""y"":808,""time"":4970},{""x"":1228,""y"":806,""time"":4986}]"
"5ff36fa52116b528289676d2","2021-01-04T19:42:27.694Z","1609789347694iqat4c","50-59","Masters","17","Unspecified","2021-01-04T19:42:49.365Z","3","3","4","[{""x"":1583,""y"":628,""time"":6},{""x"":1583,""y"":628,""time"":24},{""x"":1583,""y"":627,""time"":38},{""x"":1583,""y"":627,""time"":221},{""x"":1583,""y"":626,""time"":230},{""x"":1582,""y"":624,""time"":251},{""x"":1503,""y"":552,""time"":334},{""x"":806,""y"":207,""time"":577},{""x"":816,""y"":235,""time"":589},{""x"":831,""y"":265,""time"":605},{""x"":849,""y"":297,""time"":622},{""x"":882,""y"":338,""time"":639},{""x"":939,""y"":388,""time"":656},{""x"":1022,""y"":453,""time"":673},{""x"":1129,""y"":528,""time"":690},{""x"":1242,""y"":600,""time"":707},{""x"":1328,""y"":654,""time"":723},{""x"":1383,""y"":685,""time"":740},{""x"":1439,""y"":717,""time"":756},{""x"":1468,""y"":735,""time"":774},{""x"":1483,""y"":747,""time"":789},{""x"":1487,""y"":751,""time"":812},{""x"":1485,""y"":751,""time"":822},{""x"":1473,""y"":746,""time"":839},{""x"":1451,""y"":730,""time"":856},{""x"":1425,""y"":709,""time"":874},{""x"":1399,""y"":685,""time"":890},{""x"":1374,""y"":661,""time"":906},{""x"":1351,""y"":637,""time"":923},{""x"":1328,""y"":614,""time"":940},{""x"":1297,""y"":587,""time"":956},{""x"":1288,""y"":580,""time"":974},{""x"":1263,""y"":564,""time"":990},{""x"":1250,""y"":559,""time"":1006},{""x"":1242,""y"":557,""time"":1023},{""x"":1240,""y"":556,""time"":1039},{""x"":1240,""y"":556,""time"":1065},{""x"":1240,""y"":556,""time"":1186},{""x"":1240,""y"":556,""time"":1193},{""x"":1241,""y"":556,""time"":1206},{""x"":1241,""y"":556,""time"":1224},{""x"":1240,""y"":556,""time"":1256},{""x"":1238,""y"":556,""time"":1273},{""x"":1219,""y"":552,""time"":1290},{""x"":1209,""y"":550,""time"":1306},{""x"":1171,""y"":543,""time"":1323},{""x"":1138,""y"":536,""time"":1340},{""x"":1102,""y"":528,""time"":1357},{""x"":1065,""y"":515,""time"":1373},{""x"":1027,""y"":493,""time"":1390},{""x"":991,""y"":468,""time"":1406},{""x"":967,""y"":445,""time"":1424},{""x"":957,""y"":425,""time"":1439},{""x"":957,""y"":404,""time"":1456},{""x"":973,""y"":385,""time"":1472},{""x"":1001,""y"":367,""time"":1490},{""x"":1037,""y"":354,""time"":1507},{""x"":1082,""y"":342,""time"":1524},{""x"":1167,""y"":343,""time"":1540},{""x"":1231,""y"":358,""time"":1557},{""x"":1261,""y"":369,""time"":1574},{""x"":1348,""y"":419,""time"":1591},{""x"":1372,""y"":441,""time"":1607},{""x"":1406,""y"":495,""time"":1625},{""x"":1413,""y"":532,""time"":1643},{""x"":1408,""y"":567,""time"":1657},{""x"":1387,""y"":599,""time"":1674},{""x"":1354,""y"":621,""time"":1690},{""x"":1298,""y"":633,""time"":1708},{""x"":1217,""y"":632,""time"":1724},{""x"":1115,""y"":611,""time"":1740},{""x"":958,""y"":557,""time"":1756},{""x"":878,""y"":517,""time"":1774},{""x"":830,""y"":481,""time"":1791},{""x"":811,""y"":455,""time"":1806},{""x"":807,""y"":444,""time"":1823},{""x"":814,""y"":416,""time"":1841},{""x"":830,""y"":402,""time"":1858},{""x"":847,""y"":393,""time"":1874},{""x"":863,""y"":387,""time"":1890},{""x"":881,""y"":386,""time"":1906},{""x"":899,""y"":386,""time"":1924},{""x"":927,""y"":387,""time"":1940},{""x"":937,""y"":388,""time"":1957},{""x"":961,""y"":384,""time"":1974},{""x"":971,""y"":379,""time"":1990},{""x"":976,""y"":376,""time"":2007},{""x"":979,""y"":375,""time"":2025},{""x"":985,""y"":375,""time"":2041},{""x"":995,""y"":376,""time"":2058},{""x"":1004,""y"":378,""time"":2074},{""x"":1013,""y"":378,""time"":2091},{""x"":1021,""y"":377,""time"":2108},{""x"":1046,""y"":373,""time"":2125},{""x"":1081,""y"":372,""time"":2142},{""x"":1130,""y"":372,""time"":2158},{""x"":1155,""y"":372,""time"":2174},{""x"":1220,""y"":372,""time"":2191},{""x"":1247,""y"":375,""time"":2209},{""x"":1269,""y"":382,""time"":2225},{""x"":1291,""y"":396,""time"":2242},{""x"":1313,""y"":414,""time"":2258},{""x"":1327,""y"":428,""time"":2276},{""x"":1333,""y"":435,""time"":2292},{""x"":1335,""y"":437,""time"":2307},{""x"":1335,""y"":437,""time"":2324},{""x"":1327,""y"":440,""time"":2408},{""x"":1324,""y"":439,""time"":2428},{""x"":1323,""y"":439,""time"":2441},{""x"":1321,""y"":440,""time"":2457},{""x"":1316,""y"":441,""time"":2474},{""x"":1311,""y"":443,""time"":2490},{""x"":1307,""y"":446,""time"":2508},{""x"":1305,""y"":450,""time"":2523},{""x"":1304,""y"":456,""time"":2545},{""x"":1304,""y"":457,""time"":2557},{""x"":1304,""y"":457,""time"":2573},{""x"":1304,""y"":458,""time"":2596},{""x"":1304,""y"":458,""time"":2606},{""x"":1304,""y"":459,""time"":2623},{""x"":1304,""y"":460,""time"":2641},{""x"":1304,""y"":461,""time"":2657},{""x"":1304,""y"":461,""time"":2674},{""x"":1303,""y"":461,""time"":2875},{""x"":1302,""y"":461,""time"":2891},{""x"":1300,""y"":460,""time"":2907},{""x"":1294,""y"":459,""time"":2925},{""x"":1283,""y"":455,""time"":2941},{""x"":1260,""y"":448,""time"":2958},{""x"":1232,""y"":437,""time"":2975},{""x"":1198,""y"":420,""time"":2991},{""x"":1155,""y"":399,""time"":3009},{""x"":1102,""y"":373,""time"":3025},{""x"":1036,""y"":345,""time"":3041},{""x"":932,""y"":318,""time"":3060},{""x"":860,""y"":307,""time"":3074},{""x"":789,""y"":304,""time"":3091},{""x"":758,""y"":304,""time"":3108},{""x"":697,""y"":310,""time"":3125},{""x"":670,""y"":322,""time"":3142},{""x"":648,""y"":341,""time"":3158},{""x"":633,""y"":365,""time"":3176},{""x"":627,""y"":391,""time"":3193},{""x"":630,""y"":420,""time"":3209},{""x"":646,""y"":448,""time"":3226},{""x"":665,""y"":470,""time"":3243},{""x"":688,""y"":485,""time"":3258},{""x"":720,""y"":498,""time"":3275},{""x"":762,""y"":507,""time"":3293},{""x"":874,""y"":516,""time"":3308},{""x"":926,""y"":516,""time"":3325},{""x"":1086,""y"":511,""time"":3341},{""x"":1166,""y"":500,""time"":3359},{""x"":1215,""y"":492,""time"":3377},{""x"":1239,""y"":487,""time"":3393},{""x"":1251,""y"":484,""time"":3409},{""x"":1251,""y"":483,""time"":3426},{""x"":1250,""y"":483,""time"":3445},{""x"":1241,""y"":484,""time"":3460},{""x"":1212,""y"":488,""time"":3477},{""x"":1188,""y"":491,""time"":3493},{""x"":1176,""y"":493,""time"":3510},{""x"":1139,""y"":495,""time"":3525},{""x"":1127,""y"":495,""time"":3542},{""x"":1092,""y"":496,""time"":3559},{""x"":1070,""y"":496,""time"":3575},{""x"":1046,""y"":496,""time"":3592},{""x"":1023,""y"":496,""time"":3608},{""x"":1004,""y"":496,""time"":3625},{""x"":990,""y"":496,""time"":3641},{""x"":972,""y"":496,""time"":3658},{""x"":967,""y"":496,""time"":3675},{""x"":960,""y"":496,""time"":3691},{""x"":959,""y"":496,""time"":3708},{""x"":959,""y"":496,""time"":3725},{""x"":957,""y"":497,""time"":3741},{""x"":955,""y"":497,""time"":3758},{""x"":950,""y"":495,""time"":3775},{""x"":940,""y"":488,""time"":3793},{""x"":922,""y"":470,""time"":3809},{""x"":899,""y"":447,""time"":3825},{""x"":861,""y"":412,""time"":3843},{""x"":847,""y"":399,""time"":3859},{""x"":814,""y"":365,""time"":3875},{""x"":799,""y"":348,""time"":3893},{""x"":791,""y"":338,""time"":3909},{""x"":789,""y"":333,""time"":3927},{""x"":789,""y"":333,""time"":3943},{""x"":791,""y"":331,""time"":3960},{""x"":792,""y"":330,""time"":3977},{""x"":793,""y"":329,""time"":3994},{""x"":794,""y"":329,""time"":4010},{""x"":794,""y"":329,""time"":4027},{""x"":793,""y"":329,""time"":4066},{""x"":790,""y"":329,""time"":4076},{""x"":786,""y"":330,""time"":4093},{""x"":761,""y"":338,""time"":4110},{""x"":737,""y"":346,""time"":4126},{""x"":710,""y"":352,""time"":4142},{""x"":683,""y"":356,""time"":4161},{""x"":659,""y"":356,""time"":4177},{""x"":638,""y"":353,""time"":4194},{""x"":628,""y"":350,""time"":4210},{""x"":624,""y"":348,""time"":4227},{""x"":624,""y"":347,""time"":4243},{""x"":625,""y"":346,""time"":4260},{""x"":626,""y"":346,""time"":4276},{""x"":627,""y"":346,""time"":4292},{""x"":627,""y"":346,""time"":4310},{""x"":627,""y"":345,""time"":4326},{""x"":628,""y"":345,""time"":4343},{""x"":628,""y"":344,""time"":4360},{""x"":628,""y"":344,""time"":4376},{""x"":629,""y"":343,""time"":4394},{""x"":631,""y"":341,""time"":4410},{""x"":633,""y"":339,""time"":4426},{""x"":635,""y"":337,""time"":4443},{""x"":636,""y"":336,""time"":4459},{""x"":637,""y"":335,""time"":4476},{""x"":637,""y"":335,""time"":4494},{""x"":637,""y"":335,""time"":4546},{""x"":637,""y"":335,""time"":4579},{""x"":637,""y"":334,""time"":4593},{""x"":638,""y"":334,""time"":4610},{""x"":638,""y"":333,""time"":4626},{""x"":638,""y"":332,""time"":4643},{""x"":638,""y"":332,""time"":4659},{""x"":638,""y"":331,""time"":4677},{""x"":638,""y"":330,""time"":4693},{""x"":639,""y"":330,""time"":4746},{""x"":641,""y"":331,""time"":4760},{""x"":643,""y"":332,""time"":4776},{""x"":648,""y"":333,""time"":4794},{""x"":656,""y"":335,""time"":4810},{""x"":674,""y"":340,""time"":4828},{""x"":715,""y"":354,""time"":4843},{""x"":749,""y"":367,""time"":4860},{""x"":785,""y"":381,""time"":4876},{""x"":823,""y"":395,""time"":4893},{""x"":841,""y"":399,""time"":4910},{""x"":893,""y"":409,""time"":4928},{""x"":932,""y"":410,""time"":4943},{""x"":985,""y"":411,""time"":4961},{""x"":1041,""y"":411,""time"":4977},{""x"":1084,""y"":412,""time"":4993}]"
"5ff36ff72116b528289676d3","2021-01-04T19:43:49.019Z","1609789429019s3eo5i","40-49","Masters","dontknow","Unspecified","2021-01-04T19:44:10.020Z","4","2","3","[{""x"":1568,""y"":618,""time"":25},{""x"":1415,""y"":548,""time"":221},{""x"":1331,""y"":513,""time"":233},{""x"":1234,""y"":471,""time"":248},{""x"":888,""y"":216,""time"":323},{""x"":873,""y"":196,""time"":337},{""x"":856,""y"":167,""time"":343},{""x"":844,""y"":147,""time"":357},{""x"":815,""y"":317,""time"":602},{""x"":824,""y"":333,""time"":618},{""x"":844,""y"":350,""time"":635},{""x"":867,""y"":363,""time"":651},{""x"":882,""y"":369,""time"":658},{""x"":908,""y"":382,""time"":674},{""x"":936,""y"":390,""time"":691},{""x"":962,""y"":400,""time"":708},{""x"":987,""y"":410,""time"":727},{""x"":1007,""y"":419,""time"":742},{""x"":1020,""y"":427,""time"":758},{""x"":1031,""y"":434,""time"":775},{""x"":1031,""y"":434,""time"":792},{""x"":1030,""y"":434,""time"":814},{""x"":1019,""y"":426,""time"":825},{""x"":993,""y"":411,""time"":842},{""x"":962,""y"":392,""time"":859},{""x"":930,""y"":375,""time"":877},{""x"":911,""y"":365,""time"":893},{""x"":905,""y"":362,""time"":908},{""x"":903,""y"":360,""time"":925},{""x"":901,""y"":352,""time"":942},{""x"":901,""y"":350,""time"":958},{""x"":902,""y"":346,""time"":975},{""x"":904,""y"":346,""time"":993},{""x"":904,""y"":346,""time"":1010},{""x"":910,""y"":349,""time"":1027},{""x"":912,""y"":350,""time"":1043},{""x"":914,""y"":350,""time"":1060},{""x"":914,""y"":350,""time"":1077},{""x"":914,""y"":350,""time"":1189},{""x"":914,""y"":350,""time"":1197},{""x"":913,""y"":350,""time"":1210},{""x"":913,""y"":353,""time"":1293},{""x"":914,""y"":360,""time"":1309},{""x"":916,""y"":372,""time"":1325},{""x"":917,""y"":392,""time"":1346},{""x"":926,""y"":412,""time"":1426},{""x"":927,""y"":412,""time"":1442},{""x"":927,""y"":412,""time"":1453},{""x"":927,""y"":412,""time"":1571},{""x"":928,""y"":412,""time"":1579},{""x"":928,""y"":414,""time"":1593},{""x"":929,""y"":418,""time"":1609},{""x"":929,""y"":426,""time"":1626},{""x"":929,""y"":432,""time"":1643},{""x"":929,""y"":439,""time"":1659},{""x"":925,""y"":445,""time"":1675},{""x"":919,""y"":452,""time"":1692},{""x"":912,""y"":461,""time"":1709},{""x"":910,""y"":463,""time"":1725},{""x"":906,""y"":467,""time"":1744},{""x"":905,""y"":468,""time"":1760},{""x"":905,""y"":468,""time"":1777},{""x"":905,""y"":469,""time"":1822},{""x"":905,""y"":469,""time"":1830},{""x"":904,""y"":469,""time"":1846},{""x"":901,""y"":469,""time"":1878},{""x"":853,""y"":465,""time"":1900},{""x"":845,""y"":467,""time"":1904},{""x"":838,""y"":468,""time"":1910},{""x"":830,""y"":472,""time"":1926},{""x"":825,""y"":474,""time"":1943},{""x"":825,""y"":474,""time"":1961},{""x"":824,""y"":474,""time"":2028},{""x"":823,""y"":473,""time"":2046},{""x"":818,""y"":472,""time"":2063},{""x"":814,""y"":472,""time"":2077},{""x"":807,""y"":469,""time"":2093},{""x"":805,""y"":468,""time"":2110},{""x"":801,""y"":467,""time"":2125},{""x"":801,""y"":467,""time"":2140},{""x"":800,""y"":469,""time"":2228},{""x"":800,""y"":475,""time"":2245},{""x"":801,""y"":482,""time"":2261},{""x"":806,""y"":496,""time"":2276},{""x"":810,""y"":507,""time"":2292},{""x"":818,""y"":524,""time"":2310},{""x"":824,""y"":538,""time"":2327},{""x"":833,""y"":550,""time"":2344},{""x"":840,""y"":559,""time"":2360},{""x"":848,""y"":566,""time"":2377},{""x"":851,""y"":567,""time"":2394},{""x"":852,""y"":567,""time"":2409},{""x"":853,""y"":567,""time"":2426},{""x"":853,""y"":567,""time"":2444},{""x"":853,""y"":567,""time"":2459},{""x"":854,""y"":568,""time"":2510},{""x"":863,""y"":570,""time"":2548},{""x"":935,""y"":575,""time"":2571},{""x"":950,""y"":576,""time"":2575},{""x"":968,""y"":576,""time"":2580},{""x"":985,""y"":578,""time"":2593},{""x"":1026,""y"":583,""time"":2610},{""x"":1067,""y"":588,""time"":2626},{""x"":1103,""y"":591,""time"":2643},{""x"":1118,""y"":593,""time"":2654},{""x"":1143,""y"":597,""time"":2674},{""x"":1161,""y"":606,""time"":2680},{""x"":1174,""y"":614,""time"":2693},{""x"":1186,""y"":622,""time"":2710},{""x"":1200,""y"":628,""time"":2728},{""x"":1212,""y"":631,""time"":2744},{""x"":1226,""y"":631,""time"":2766},{""x"":1229,""y"":631,""time"":2777},{""x"":1239,""y"":630,""time"":2796},{""x"":1256,""y"":632,""time"":2814},{""x"":1266,""y"":634,""time"":2833},{""x"":1275,""y"":634,""time"":2853},{""x"":1284,""y"":633,""time"":2871},{""x"":1286,""y"":632,""time"":2894},{""x"":1287,""y"":632,""time"":2910},{""x"":1288,""y"":631,""time"":2927},{""x"":1289,""y"":630,""time"":2944},{""x"":1290,""y"":630,""time"":2960},{""x"":1293,""y"":625,""time"":2977},{""x"":1296,""y"":619,""time"":2993},{""x"":1299,""y"":615,""time"":3009},{""x"":1303,""y"":608,""time"":3026},{""x"":1306,""y"":599,""time"":3043},{""x"":1310,""y"":588,""time"":3060},{""x"":1311,""y"":569,""time"":3076},{""x"":1306,""y"":534,""time"":3094},{""x"":1299,""y"":515,""time"":3112},{""x"":1296,""y"":505,""time"":3128},{""x"":1285,""y"":474,""time"":3145},{""x"":1274,""y"":450,""time"":3162},{""x"":1260,""y"":428,""time"":3177},{""x"":1243,""y"":406,""time"":3193},{""x"":1224,""y"":384,""time"":3212},{""x"":1197,""y"":358,""time"":3229},{""x"":1157,""y"":326,""time"":3244},{""x"":1097,""y"":287,""time"":3262},{""x"":1012,""y"":242,""time"":3279},{""x"":908,""y"":198,""time"":3295},{""x"":760,""y"":161,""time"":3310},{""x"":705,""y"":160,""time"":3326},{""x"":686,""y"":167,""time"":3345},{""x"":622,""y"":202,""time"":3361},{""x"":596,""y"":219,""time"":3379},{""x"":536,""y"":267,""time"":3396},{""x"":521,""y"":292,""time"":3412},{""x"":515,""y"":317,""time"":3428},{""x"":516,""y"":341,""time"":3446},{""x"":527,""y"":364,""time"":3461},{""x"":547,""y"":387,""time"":3478},{""x"":571,""y"":404,""time"":3494},{""x"":612,""y"":423,""time"":3512},{""x"":640,""y"":430,""time"":3528},{""x"":666,""y"":436,""time"":3544},{""x"":693,""y"":441,""time"":3562},{""x"":723,""y"":443,""time"":3578},{""x"":756,""y"":446,""time"":3594},{""x"":786,""y"":446,""time"":3611},{""x"":813,""y"":443,""time"":3627},{""x"":833,""y"":436,""time"":3643},{""x"":846,""y"":429,""time"":3660},{""x"":853,""y"":422,""time"":3677},{""x"":854,""y"":421,""time"":3693},{""x"":856,""y"":419,""time"":3710},{""x"":858,""y"":419,""time"":3727},{""x"":860,""y"":419,""time"":3748},{""x"":861,""y"":419,""time"":3761},{""x"":867,""y"":419,""time"":3777},{""x"":879,""y"":419,""time"":3793},{""x"":902,""y"":420,""time"":3811},{""x"":932,""y"":424,""time"":3827},{""x"":978,""y"":430,""time"":3845},{""x"":1055,""y"":441,""time"":3861},{""x"":1153,""y"":456,""time"":3878},{""x"":1280,""y"":478,""time"":3895},{""x"":1312,""y"":483,""time"":3913},{""x"":1376,""y"":496,""time"":3929},{""x"":1388,""y"":499,""time"":3946},{""x"":1401,""y"":505,""time"":3963},{""x"":1405,""y"":508,""time"":3978},{""x"":1407,""y"":509,""time"":3996},{""x"":1407,""y"":509,""time"":4013},{""x"":1407,""y"":510,""time"":4029},{""x"":1407,""y"":510,""time"":4062},{""x"":1408,""y"":509,""time"":4064},{""x"":1408,""y"":508,""time"":4079},{""x"":1411,""y"":504,""time"":4096},{""x"":1412,""y"":497,""time"":4112},{""x"":1412,""y"":493,""time"":4129},{""x"":1417,""y"":484,""time"":4146},{""x"":1420,""y"":481,""time"":4164},{""x"":1429,""y"":468,""time"":4179},{""x"":1437,""y"":458,""time"":4196},{""x"":1440,""y"":453,""time"":4212},{""x"":1442,""y"":448,""time"":4229},{""x"":1444,""y"":447,""time"":4246},{""x"":1444,""y"":447,""time"":4264},{""x"":1444,""y"":447,""time"":4318},{""x"":1444,""y"":447,""time"":4329},{""x"":1445,""y"":447,""time"":4529},{""x"":1446,""y"":448,""time"":4545},{""x"":1446,""y"":449,""time"":4562},{""x"":1446,""y"":451,""time"":4579},{""x"":1446,""y"":458,""time"":4596},{""x"":1447,""y"":469,""time"":4612},{""x"":1451,""y"":483,""time"":4628},{""x"":1458,""y"":500,""time"":4645},{""x"":1472,""y"":525,""time"":4662},{""x"":1483,""y"":545,""time"":4679},{""x"":1497,""y"":565,""time"":4696},{""x"":1508,""y"":584,""time"":4712},{""x"":1518,""y"":599,""time"":4729},{""x"":1527,""y"":615,""time"":4746},{""x"":1535,""y"":632,""time"":4763},{""x"":1541,""y"":651,""time"":4780},{""x"":1549,""y"":674,""time"":4796},{""x"":1555,""y"":693,""time"":4813},{""x"":1560,""y"":711,""time"":4830},{""x"":1564,""y"":721,""time"":4846},{""x"":1565,""y"":725,""time"":4863},{""x"":1565,""y"":725,""time"":4881},{""x"":1565,""y"":725,""time"":4902},{""x"":1565,""y"":724,""time"":4913},{""x"":1567,""y"":727,""time"":4964},{""x"":1570,""y"":729,""time"":4980},{""x"":1576,""y"":734,""time"":4997}]"
"5ff370294c13404612013e1f","2021-01-04T19:44:40.604Z","1609789480604j6utdl",,,,,"2021-01-04T19:44:41.678Z",,,,
"5ff3704c4c134046120147ff","2021-01-04T19:45:15.007Z","1609789515007o0w72t",,,,,"2021-01-04T19:45:16.175Z",,,,
"5ff370722116b528289676d4","2021-01-04T19:45:51.522Z","1609789551522mkgozj","40-49","Bachelors","13","Unspecified","2021-01-04T19:46:14.987Z","5","4","5","[{""x"":1334,""y"":591,""time"":202},{""x"":1334,""y"":591,""time"":233},{""x"":1309,""y"":577,""time"":336},{""x"":964,""y"":362,""time"":568},{""x"":962,""y"":365,""time"":579},{""x"":950,""y"":372,""time"":622},{""x"":949,""y"":372,""time"":637},{""x"":949,""y"":373,""time"":676},{""x"":949,""y"":373,""time"":719},{""x"":950,""y"":373,""time"":735},{""x"":951,""y"":373,""time"":754},{""x"":951,""y"":373,""time"":770},{""x"":952,""y"":373,""time"":787},{""x"":953,""y"":374,""time"":804},{""x"":953,""y"":375,""time"":819},{""x"":954,""y"":376,""time"":837},{""x"":954,""y"":377,""time"":854},{""x"":954,""y"":378,""time"":871},{""x"":954,""y"":378,""time"":888},{""x"":954,""y"":378,""time"":1176},{""x"":954,""y"":379,""time"":1190},{""x"":954,""y"":379,""time"":1204},{""x"":953,""y"":379,""time"":1219},{""x"":953,""y"":379,""time"":1270},{""x"":953,""y"":379,""time"":1288},{""x"":953,""y"":379,""time"":1303},{""x"":952,""y"":379,""time"":1319},{""x"":951,""y"":379,""time"":1337},{""x"":950,""y"":379,""time"":1353},{""x"":950,""y"":379,""time"":1369},{""x"":949,""y"":379,""time"":1387},{""x"":949,""y"":379,""time"":1404},{""x"":949,""y"":379,""time"":1426},{""x"":948,""y"":379,""time"":1437},{""x"":948,""y"":379,""time"":1453},{""x"":947,""y"":379,""time"":1470},{""x"":946,""y"":378,""time"":1486},{""x"":943,""y"":378,""time"":1503},{""x"":936,""y"":378,""time"":1519},{""x"":929,""y"":378,""time"":1535},{""x"":914,""y"":378,""time"":1554},{""x"":902,""y"":381,""time"":1570},{""x"":892,""y"":383,""time"":1587},{""x"":854,""y"":391,""time"":1604},{""x"":854,""y"":391,""time"":1619},{""x"":823,""y"":399,""time"":1637},{""x"":813,""y"":402,""time"":1654},{""x"":809,""y"":403,""time"":1670},{""x"":807,""y"":403,""time"":1687},{""x"":807,""y"":403,""time"":1712},{""x"":807,""y"":402,""time"":1719},{""x"":809,""y"":400,""time"":1736},{""x"":812,""y"":396,""time"":1753},{""x"":813,""y"":392,""time"":1824},{""x"":799,""y"":381,""time"":1858},{""x"":792,""y"":379,""time"":1870},{""x"":772,""y"":373,""time"":1886},{""x"":746,""y"":367,""time"":1902},{""x"":720,""y"":362,""time"":1919},{""x"":681,""y"":356,""time"":1936},{""x"":655,""y"":352,""time"":1954},{""x"":629,""y"":346,""time"":1969},{""x"":602,""y"":339,""time"":1987},{""x"":579,""y"":333,""time"":2003},{""x"":558,""y"":329,""time"":2020},{""x"":540,""y"":326,""time"":2037},{""x"":519,""y"":326,""time"":2054},{""x"":500,""y"":330,""time"":2070},{""x"":482,""y"":338,""time"":2086},{""x"":466,""y"":351,""time"":2103},{""x"":460,""y"":368,""time"":2120},{""x"":461,""y"":393,""time"":2137},{""x"":468,""y"":419,""time"":2155},{""x"":487,""y"":447,""time"":2169},{""x"":505,""y"":461,""time"":2187},{""x"":523,""y"":473,""time"":2204},{""x"":545,""y"":486,""time"":2219},{""x"":573,""y"":496,""time"":2238},{""x"":606,""y"":505,""time"":2254},{""x"":639,""y"":511,""time"":2271},{""x"":673,""y"":513,""time"":2286},{""x"":703,""y"":512,""time"":2303},{""x"":733,""y"":506,""time"":2319},{""x"":777,""y"":492,""time"":2337},{""x"":791,""y"":486,""time"":2353},{""x"":826,""y"":462,""time"":2370},{""x"":836,""y"":452,""time"":2386},{""x"":859,""y"":424,""time"":2403},{""x"":871,""y"":405,""time"":2421},{""x"":878,""y"":388,""time"":2439},{""x"":879,""y"":373,""time"":2454},{""x"":878,""y"":356,""time"":2469},{""x"":871,""y"":341,""time"":2487},{""x"":859,""y"":328,""time"":2504},{""x"":845,""y"":316,""time"":2520},{""x"":818,""y"":298,""time"":2536},{""x"":793,""y"":288,""time"":2553},{""x"":763,""y"":276,""time"":2571},{""x"":732,""y"":265,""time"":2586},{""x"":698,""y"":255,""time"":2603},{""x"":669,""y"":248,""time"":2621},{""x"":642,""y"":242,""time"":2637},{""x"":621,""y"":240,""time"":2655},{""x"":604,""y"":238,""time"":2671},{""x"":592,""y"":236,""time"":2687},{""x"":578,""y"":235,""time"":2704},{""x"":556,""y"":235,""time"":2721},{""x"":549,""y"":237,""time"":2737},{""x"":524,""y"":242,""time"":2754},{""x"":507,""y"":246,""time"":2770},{""x"":492,""y"":250,""time"":2788},{""x"":481,""y"":256,""time"":2804},{""x"":469,""y"":261,""time"":2821},{""x"":459,""y"":265,""time"":2839},{""x"":450,""y"":268,""time"":2855},{""x"":444,""y"":269,""time"":2871},{""x"":441,""y"":269,""time"":2888},{""x"":440,""y"":268,""time"":2904},{""x"":438,""y"":267,""time"":2920},{""x"":437,""y"":266,""time"":2938},{""x"":437,""y"":266,""time"":2954},{""x"":437,""y"":265,""time"":2970},{""x"":436,""y"":264,""time"":2987},{""x"":436,""y"":264,""time"":3005},{""x"":436,""y"":261,""time"":3021},{""x"":436,""y"":260,""time"":3037},{""x"":434,""y"":253,""time"":3055},{""x"":431,""y"":246,""time"":3070},{""x"":427,""y"":239,""time"":3087},{""x"":425,""y"":236,""time"":3104},{""x"":422,""y"":233,""time"":3120},{""x"":414,""y"":227,""time"":3137},{""x"":409,""y"":226,""time"":3154},{""x"":407,""y"":225,""time"":3171},{""x"":399,""y"":226,""time"":3188},{""x"":398,""y"":226,""time"":3205},{""x"":394,""y"":227,""time"":3221},{""x"":393,""y"":227,""time"":3238},{""x"":393,""y"":227,""time"":3255},{""x"":392,""y"":227,""time"":3305},{""x"":392,""y"":226,""time"":3410},{""x"":392,""y"":226,""time"":3420},{""x"":391,""y"":223,""time"":3439},{""x"":390,""y"":219,""time"":3455},{""x"":390,""y"":216,""time"":3470},{""x"":388,""y"":211,""time"":3489},{""x"":387,""y"":210,""time"":3504},{""x"":387,""y"":210,""time"":3522},{""x"":387,""y"":210,""time"":3537},{""x"":388,""y"":211,""time"":3554},{""x"":389,""y"":211,""time"":3572},{""x"":389,""y"":211,""time"":3593},{""x"":389,""y"":211,""time"":3650},{""x"":388,""y"":211,""time"":3655},{""x"":387,""y"":211,""time"":3671},{""x"":387,""y"":210,""time"":3688},{""x"":387,""y"":210,""time"":3737},{""x"":386,""y"":212,""time"":3756},{""x"":386,""y"":213,""time"":3771},{""x"":386,""y"":213,""time"":3787},{""x"":386,""y"":213,""time"":3805},{""x"":386,""y"":213,""time"":3825},{""x"":384,""y"":213,""time"":3838},{""x"":381,""y"":213,""time"":3855},{""x"":379,""y"":213,""time"":3871},{""x"":378,""y"":213,""time"":3887},{""x"":378,""y"":213,""time"":3905},{""x"":377,""y"":214,""time"":3920},{""x"":376,""y"":216,""time"":3937},{""x"":376,""y"":217,""time"":3953},{""x"":376,""y"":217,""time"":3971},{""x"":376,""y"":217,""time"":4020},{""x"":376,""y"":216,""time"":4036},{""x"":375,""y"":216,""time"":4054},{""x"":375,""y"":216,""time"":4104},{""x"":375,""y"":216,""time"":4120},{""x"":375,""y"":216,""time"":4193},{""x"":375,""y"":216,""time"":4206},{""x"":375,""y"":216,""time"":4354},{""x"":375,""y"":214,""time"":4371},{""x"":375,""y"":213,""time"":4386},{""x"":375,""y"":213,""time"":4403},{""x"":375,""y"":213,""time"":4462},{""x"":374,""y"":214,""time"":4471},{""x"":374,""y"":214,""time"":4487},{""x"":374,""y"":215,""time"":4527},{""x"":375,""y"":215,""time"":4537},{""x"":379,""y"":213,""time"":4553},{""x"":383,""y"":213,""time"":4569},{""x"":390,""y"":213,""time"":4585},{""x"":402,""y"":215,""time"":4602},{""x"":429,""y"":221,""time"":4626},{""x"":458,""y"":229,""time"":4653},{""x"":492,""y"":234,""time"":4675},{""x"":529,""y"":235,""time"":4697},{""x"":566,""y"":235,""time"":4719},{""x"":592,""y"":235,""time"":4740},{""x"":630,""y"":238,""time"":4760},{""x"":654,""y"":243,""time"":4781},{""x"":677,""y"":249,""time"":4797},{""x"":691,""y"":253,""time"":4802},{""x"":717,""y"":262,""time"":4822},{""x"":744,""y"":271,""time"":4836},{""x"":769,""y"":277,""time"":4853},{""x"":792,""y"":283,""time"":4870},{""x"":811,""y"":285,""time"":4887},{""x"":823,""y"":286,""time"":4904},{""x"":834,""y"":288,""time"":4920},{""x"":847,""y"":293,""time"":4937},{""x"":856,""y"":297,""time"":4955},{""x"":883,""y"":312,""time"":4970},{""x"":903,""y"":323,""time"":4987}]"